<?xml version="1.0" encoding="UTF-8" standalone="no"?>
<executionItem endedUtc="1734434337553" executionErrorCount="0" executionStatus="Executed" executionWarningCount="0" failureCount="0" id="root:plans:NewPlan:SetUp.testinstance:SetUp.setup" iterationIndex="-1" skippedCount="0" startedUtc="1734434337467" successfulCount="1" testCasePath="C:\\Users\\mohit.raj\\git\\repositoryNew\\NewProject\\tests" testItemClass="ITestCase" title="SetUp.setup">
  <testItemSummary/>
  <childItems>
    <executionItem endedUtc="1734434337549" executionErrorCount="0" executionStatus="Executed" executionWarningCount="0" failureCount="0" id="root:plans:NewPlan:SetUp.testinstance:SetUp.setup:1" iterationIndex="-1" skippedCount="0" startedUtc="1734434337497" successfulCount="1" testApiId="com.provar.plugins.bundled.apis.control.SetValues" testItemClass="IApiCall" title="Set Values: A">
      <childItems/>
      <logEntries>
        <logEntry id="1734434337537" messageType="General">Setting value A to 10</logEntry>
        <logEntry id="1734434337537" logLevel="Debug" messageType="General">Configuration: ValueScope:Test</logEntry>
        <logEntry id="1734434337537" logLevel="Update" messageType="General">Successfully set A to 10</logEntry>
      </logEntries>
    </executionItem>
  </childItems>
</executionItem>
